{
  "$schema": "https://json-schema.org/draft/2020-12/schema",
  "$id": "https://roro.app/schemas/chat/spot_cards.schema.json",
  "title": "Roro Chatbot → Frontend: Nearby Spot Cards payload",
  "type": "object",
  "required": ["type", "items"],
  "properties": {
    "type": { "const": "spot_cards" },
    "query": {
      "type": "object",
      "properties": {
        "lat": { "type": "number" },
        "lng": { "type": "number" },
        "radius_km": { "type": "number", "minimum": 0 },
        "pet_type": { "type": "string", "enum": ["DOG","CAT","OTHER"] },
        "category_code": { "type": "string" }
      }
    },
    "items": {
      "type": "array",
      "items": {
        "type": "object",
        "required": ["id","source_type","name","lat","lng","distance_km"],
        "properties": {
          "id": { "type": "string", "description": "GMAPM_ID / TSM_ID|branch / custom UUID" },
          "source_type": { "type": "string", "enum": ["gmapm","travel_spot","custom"] },
          "name": { "type": "string" },
          "summary": { "type": "string" },
          "lat": { "type": "number" },
          "lng": { "type": "number" },
          "distance_km": { "type": "number" },
          "rating": { "type": "number" },
          "review_count": { "type": "integer" },
          "address": { "type": "string" },
          "url": { "type": "string" },
          "category_code": { "type": "string" },
          "actions": {
            "type": "array",
            "items": {
              "type": "object",
              "required": ["type","label"],
              "properties": {
                "type": { "type": "string", "enum": ["favorite","navigate","detail"] },
                "label": { "type": "string" },
                "payload": { "type": "object" }
              }
            }
          }
        }
      }
    }
  }
}
