{
  "type": "spot_cards",
  "query": { "lat": 36.1182, "lng": 139.1934, "radius_km": 10, "pet_type": "DOG", "category_code": "A" },
  "items": [
    {
      "id": "TSM_0001|0",
      "source_type": "travel_spot",
      "name": "寄居ドッグガーデン",
      "summary": "芝生ひろびろ・小型/中型向けランあり",
      "lat": 36.1182,
      "lng": 139.1934,
      "distance_km": 1.2,
      "rating": 4.5,
      "review_count": 120,
      "address": "埼玉県大里郡寄居町",
      "url": "https://example.com/spot/TSM_0001",
      "category_code": "A",
      "actions": [
        { "type": "favorite", "label": "保存", "payload": { "id": "TSM_0001|0" } },
        { "type": "navigate", "label": "経路", "payload": { "lat": 36.1182, "lng": 139.1934 } }
      ]
    }
  ]
}
