
name,date,location,venue,address,prefecture,city,lat,lon,source,url
【栃木県那須郡のドッグイベント】ワンダフルフェスマルシェ,,,,,,,,,ワンコnowa,https://wankonowa.com/column/event/1426/
【東京都江東区のドッグイベント】東京キャンピングカーショー2025,,,,,,,,,ワンコnowa,https://wankonowa.com/column/event/1426/
【東京都渋谷区のドッグイベント】もんもん祭り,,,,,,,,,ワンコnowa,https://wankonowa.com/column/event/1426/
【東京都渋谷区のドッグイベント】うちの子撮影＆受注会,,,,,,,,,ワンコnowa,https://wankonowa.com/column/event/1426/
【東京都渋谷区のドッグイベント】ワンコnowa THE STORE POPUP,,,,,,,,,ワンコnowa,https://wankonowa.com/column/event/1426/
【埼玉県上尾市のドッグイベント】PINPIN Marche,,,,,,,,,ワンコnowa,https://wankonowa.com/column/event/1426/
【埼玉県入間市のドッグイベント】わんちゃん夜祭り supported by わんてらす in三井アウトレットパーク 入間,,,,,,,,,ワンコnowa,https://wankonowa.com/column/event/1426/
【千葉県柏市のドッグイベント】ワンOneday at 柏の葉 かけだし横丁,,,,,,,,,ワンコnowa,https://wankonowa.com/column/event/1426/
【茨城県守谷市のドッグイベント】わんてらす night in DOG PARK RUN and POOL,,,,,,,,,ワンコnowa,https://wankonowa.com/column/event/1426/
【東京都渋谷区のドッグイベント】Do One Good,,,,,,,,,ワンコnowa,https://wankonowa.com/column/event/1426/
【神奈川県横浜市のドッグイベント】ドッグランキャラバン,,,,,,,,,ワンコnowa,https://wankonowa.com/column/event/1426/
【千葉県白井市のドッグイベント】犬と夏祭りin白井総合公園,,,,,,,,,ワンコnowa,https://wankonowa.com/column/event/1426/
【千葉県千葉市のドッグイベント】WAN LOVE MARKET,,,,,,,,,ワンコnowa,https://wankonowa.com/column/event/1426/
【埼玉県さいたま市のドッグイベント】London Dog Festival 2025,,,,,,,,,ワンコnowa,https://wankonowa.com/column/event/1426/
【東京都江東区のドッグイベント】東京わんわん夏まつり2025,,,,,,,,,ワンコnowa,https://wankonowa.com/column/event/1426/
【東京都八王子市のドッグイベント】わんわんプール,,,,,,,,,ワンコnowa,https://wankonowa.com/column/event/1426/
【神奈川県足柄上郡のドッグイベント】BBQ ＆ スイカ割体験付き川遊び,,,,,,,,,ワンコnowa,https://wankonowa.com/column/event/1426/
【東京都町田市のドッグイベント】Chiro＆Pero 夏祭り,,,,,,,,,ワンコnowa,https://wankonowa.com/column/event/1426/
【神奈川県横浜市のドッグイベント】犬だらけの水泳大会2025,,,,,,,,,ワンコnowa,https://wankonowa.com/column/event/1426/
SHARE,,,,SHARE GREEN MINAMI AOYAMA  32  南青山  港区  東京都  107-0062  日本,東京都,港区,35.6685850,139.7248202,ワンコnowa,https://wankonowa.com/column/event/1426/
人気ランキングTOP5,,,,,,,,,ワンコnowa,https://wankonowa.com/column/event/1426/
今、読んでほしい記事,,,,,,,,,ワンコnowa,https://wankonowa.com/column/event/1426/
犬と泊まれる宿 人気エリア,,,,,,,,,ワンコnowa,https://wankonowa.com/column/event/1426/
カテゴリー,,,,,,,,,ワンコnowa,https://wankonowa.com/column/event/1426/
