
name,date,location,venue,address,prefecture,city,lat,lon,source,url
OJI Creative Challenge～王子駅周辺 みんなで試す パブリックスペース活用プロジェクト～,2025/9/2(火)  9/13(土)  9/14(日),王子駅周辺エリアプラットフォーム　主催,,王子駅周辺エリアプラットフォーム　主催,,王子駅周辺エリアプラットフォーム　主催,,,MLIT,https://www.mlit.go.jp/toshi/local-event/
リノベーションまちづくりシンポジウム2025「まちづくりの価値を“見える化”する ― 新たな評価軸と発信のかたち―」,2025/7/31(木)　13:00 to 17:30,(株)リノベリング　主催,,(株)リノベリング　主催,,(株)リノベリング　主催,,,MLIT,https://renovaring.com/events/116/
にいがたリノベーションまちづくりシンポジウム,2025/7/9(水)　13:30 to 16:30,新潟県　主催,,新潟県　主催,新潟県,主催,37.6452283,138.7669125,MLIT,https://www.pref.niigata.lg.jp/site/toshiseibi/renovation-machi.html
都市戦略の視点から考えるマーケットとエリアマネジメントの可能性｜ソトノバTABLE#56,2025/7/16(水)　19:00 to 21:00,一般社団法人ソトノバ　主催,,一般社団法人ソトノバ　主催,,一般社団法人ソトノバ　主催,,,MLIT,https://sotonoba.place/20250716sotonobatable56
第２回まちづくりコネクション,2025/7/13(日)　14:00 to 17:00,一般社団法人地域未来創造大学校次世代まちづくりスクール　主催,,一般社団法人地域未来創造大学校次世代まちづくりスクール　主催,,一般社団法人地域未来創造大学校次世代まちづくりスクール　主催,,,MLIT,https://hello-renovation.jp/machi-school/news_detail/222?fpc=6.5...NaN
視察報告！シンガポールの都市再生とパブリックスペース活用,2025/6/25(水)　19:00 to 20:30,一般社団法人ソトノバ　主催,,一般社団法人ソトノバ　主催,,一般社団法人ソトノバ　主催,,,MLIT,https://sotonoba.place/20250625sotonobatable55
買物公園まちにちSCHOOL,2025/6/21(土)　17:00 to 19:00,買物公園エリアプラットフォーム・旭川市　主催,,買物公園エリアプラットフォーム・旭川市　主催,,買物公園エリアプラットフォーム・旭川市　主催,,,MLIT,https://www.mlit.go.jp/toshi/local-event/
「令和７年度土地活用モデル大賞」の募集を開始しました,2025/5/26(月) to 2025/7/7(月),一般財団法人都市みらい推進機構　主催,,一般財団法人都市みらい推進機構　主催,一般財団法人都,市みらい推進機構　主催,34.7097632,135.8048809,MLIT,http://www.toshimirai.jp/tochikatuyou/index.html
＃こいわの日2025,2025/5/15(木) to 2025/5/18(日),＃こいわの日実行委員会　主催,,＃こいわの日実行委員会　主催,,＃こいわの日実行委員会　主催,,,MLIT,https://koitto518.com/information/4430/
二子玉川エリアマネジメントシンポジウム VOL.10,2025/6/1(日)　13:00 to 16:45,(一社)二子玉川エリアマネジメンツ　主催,,(一社)二子玉川エリアマネジメンツ　主催,,(一社)二子玉川エリアマネジメンツ　主催,,,MLIT,https://futako.org/6299/
第16回日本都市計画家協会賞,応募受付期間：2025/4/28(月) to 2025/6/20(金),日本都市計画家協会　主催,,日本都市計画家協会　主催,日本都,市計画家協会　主催,35.6887950,139.7345370,MLIT,https://jsurp.jp/kyoukaisyou/
ストリートデザインスクール＠札幌2025,申込〆切：2025/5/18(日),札幌駅前通地区まちづくりプラットフォーム検討会議　主催,,札幌駅前通地区まちづくりプラットフォーム検討会議　主催,,札幌駅前通地区まちづくりプラットフォーム検討会議　主催,,,MLIT,https://www.sapporoekimae-management.jp/streetdesignschool-2025/
いいねキタヒロ！まちびらきフェスタ,2025/4/29(火・祝)　10:00 to 17:00,いいねキタヒロ協議会　主催,,いいねキタヒロ協議会　主催,,いいねキタヒロ協議会　主催,,,MLIT,https://www.city.kitahiroshima.hokkaido.jp/hotnews/detail/00156296.html
SHIFT05 パークPFIってなんだ？～公園を活用する全国の取り組み事例と解説～,2025/3/22(土)　18:30 to 20:30,Mol.t 運営事務局（株式会社SALT）,,Mol.t 運営事務局（株式会社SALT）,,Mol.t 運営事務局（株式会社SALT）,,,MLIT,https://peatix.com/event/4330316
大阪版シェアドストリートモデルを考えるシンポジウム～ウォーカビリティの面的広がり～,2025/3/21(金)　15:00 to 17:00,船場まちづくり検討会・大阪市建設局・大阪公立大学観光産業戦略研究所　主催,,船場まちづくり検討会・大阪市建設局・大阪公立大学観光産業戦略研究所　主催,,船場まちづくり検討会・大阪市建設局・大阪公立大学観光産業戦略研究所　主催,,,MLIT,https://ccd5walkablity.peatix.com/
花巻中央エリアのこれからを描く未来デザイン会議,2025/3/21(金),花巻市商工労政課　主催,,花巻市商工労政課　主催,,花巻市商工労政課　主催,,,MLIT,https://www.city.hanamaki.iwate.jp/shisei/shisei/keikaku/1010854/1023016.html
共創で推進していく　地域の特性を活かしたにぎわいのあるまちづくり,2025/2/26(水)　15:00 to 18:30,港区立産業振興センター指定管理者　みなと・キャンパス・リログループ　主催,,港区立産業振興センター指定管理者　みなと・キャンパス・リログループ　主催,,港区立産業振興センター指定管理者　みなと・キャンパス・リログループ　主催,,,MLIT,https://minato-sansin.com/events/innovation_circl20250226/
令和6年度エリアマネジメント実務研究会,2025/3/26(水)　13:30 to 17:30  参加登録〆切2025/3/17(月)17時,（一財）都市みらい推進機構　主催,,（一財）都市みらい推進機構　主催,（一財）都,市みらい推進機構　主催,34.7097632,135.8048809,MLIT,https://www.toshimirai.jp/area_management/index.html
官民連携まちづくりシンポジウム,2025/3/3(月)　14:00 to 17:00,国土交通省関東地方整備局　主催,,国土交通省関東地方整備局　主催,,国土交通省関東地方整備局　主催,35.0086371,135.7563376,MLIT,https://www.mlit.go.jp/toshi/local-event/
第6回前橋市アーバンデザインシンポジウム,2025/2/26(水)　13:30 to 16:00,前橋市,,前橋市,,前橋市,36.3893418,139.0632826,MLIT,https://www.city.maebashi.gunma.jp/soshiki/toshikeikakubu/shigaichiseibi/gyomu/kanminrenkeimatidukuri/43184.html
都市づくりについての技術研究発表と講演会（大阪会場）,2025/2/19(水)　13:30 to 17:30,アーバンインフラ・テクノロジー推進会議　主催,,アーバンインフラ・テクノロジー推進会議　主催,,アーバンインフラ・テクノロジー推進会議　主催,,,MLIT,https://www.uit.gr.jp/tech_research2024/osaka/infomation.html
まちにち計画アーカイブ・フォーラム,2025/2/11(火・祝)　13:30 to 15:30,買物公園エリアプラットフォーム  主催,,買物公園エリアプラットフォーム  主催,,買物公園エリアプラットフォーム  主催,,,MLIT,https://www.city.asahikawa.hokkaido.jp/event/category-05/d081170.html
JSURP地域主体のまちづくりフォーラム,2025/2/9(日)　14:30 to 16:30,ハイブリッド・認定NPO法人 日本都市計画家協会,,ハイブリッド・認定NPO法人 日本都市計画家協会,ハイブリッド・認定NPO法人 日本都,市計画家協会,,,MLIT,https://jsurp.jp/machizukuri_forum20250209/
新・公民連携最前線　創刊10周年記念シンポジウム『The Possibility of PPP　これまでの10年、これからの10年』,2025/2/4(火)  申込み〆切：1/31(金),新・公民連携最前線（日経BP 総合研究所）,,新・公民連携最前線（日経BP 総合研究所）,,新・公民連携最前線（日経BP 総合研究所）,,,MLIT,https://events.nikkeibp.co.jp/event/2025/bpi0204ppp/
第7回ワダイノLIVE「未来のまちはみんなでつくり育てる　アントレプレナーシップとわたしたちのまちづくり」,2025/3/19(水)　19:00 to 20:30,ハイブリッド開催,,ハイブリッド開催,,ハイブリッド開催,,,MLIT,https://www.wakayama-u.ac.jp/kii-plus/news/2024121700029/
会報誌Planners104号「特集：日本都市計画家協会賞・官民連携事業」を公開しました,発行日：2024/12/17(火),発行：認定NPO法人 日本都市計画家協会,,発行：認定NPO法人 日本都市計画家協会,発行：認定NPO法人 日本都,市計画家協会,,,MLIT,https://jsurp.jp/news241217/
まち育て連携フォーラム2025 in 須賀川,2025/1/31(金)　13:30 to 17:30,須賀川南部地区エリアプラットフォーム,,須賀川南部地区エリアプラットフォーム,,須賀川南部地区エリアプラットフォーム,,,MLIT,https://tedasochima.com/areaplatform/%e3%80%8e%e3%81%be%e3%81%a1%e8%82%b2%e3%81%a6%e9%80%a3%e6%90%ba%e3%83%95%e3%82%a9%e3%83%bc%e3%83%a9%e3%83%a02025-in-%e9%a0%88%e8%b3%80%e5%b7%9d%e3%80%8f%e3%80%80%e9%96%8b%e5%82%ac%e6%b1%ba%e5%ae%9a/
まちづくりシンポジウム,2025/1/30(木)　15:00 to 17:30,新大阪駅周辺地域都市再生緊急整備協議会、新大阪駅周辺地域まちづくり検討部会,,新大阪駅周辺地域都市再生緊急整備協議会、新大阪駅周辺地域まちづくり検討部会,新大阪駅周辺地域都,市再生緊急整備協議会、新大阪駅周辺地域まちづくり検討部会,35.0144813,135.7624750,MLIT,https://www.pref.osaka.lg.jp/o140030/daitoshimachi/shin-osaka/shin_osaka_r6sympo.html
新大阪駅エリアまちづくりのキャッチフレーズ　一般投票,2024/12/4(水) to 2025/1/10(金),新大阪駅周辺地域都市再生緊急整備協議会、新大阪駅周辺地域まちづくり検討部会,,新大阪駅周辺地域都市再生緊急整備協議会、新大阪駅周辺地域まちづくり検討部会,新大阪駅周辺地域都,市再生緊急整備協議会、新大阪駅周辺地域まちづくり検討部会,35.0144813,135.7624750,MLIT,https://www.pref.osaka.lg.jp/o140030/daitoshimachi/shin-osaka/shin-osaka_catchphrase.html
品川プレイスメイキングSHOW―オフィスの外から楽しいまちをつくる！,2024/11/27(水)　18:00 to 20:00,ソトノバ 主催,,ソトノバ 主催,,ソトノバ 主催,,,MLIT,https://sotonoba.place/placemakingjp-shinagawashow
第36回技術研究発表会,2024/11/29(金)　10:30 to 18:30,ハイブリッド・アーバンインフラ・テクノロジー推進会議 主催,,ハイブリッド・アーバンインフラ・テクノロジー推進会議 主催,,ハイブリッド・アーバンインフラ・テクノロジー推進会議 主催,,,MLIT,https://www.uit.gr.jp/tech_research2024/
大丸有まちづくり協議会シンポジウム「FACE 2024」,2024/12/5(木)　13:30 to 16:35,オンライン・(一社)大手町・丸の内・有楽町地区まちづくり協議会 主催,,オンライン・(一社)大手町・丸の内・有楽町地区まちづくり協議会 主催,,オンライン・(一社)大手町・丸の内・有楽町地区まちづくり協議会 主催,,,MLIT,https://face-omy.jp/
【全６回】ウォーカブルなまちを目指す公共空間活用講座～めざせ公共空間マスター～,2025/1/9(木) to 2025/2/13(木) 毎週木曜日 19:30 to 21:00 連続6週開催,NPO法人自治経営 公共空間事業部 主催,,NPO法人自治経営 公共空間事業部 主催,,NPO法人自治経営 公共空間事業部 主催,,,MLIT,https://www.mlit.go.jp/toshi/local-event/
ストリートの歴史や文化を引き出す社会実験DAY＠時計台前仲通り,2024/11/9(土),札幌駅前通地区まちづくりプラットフォーム検討会議、アーバンデザインセンター大宮 主催,,札幌駅前通地区まちづくりプラットフォーム検討会議、アーバンデザインセンター大宮 主催,,札幌駅前通地区まちづくりプラットフォーム検討会議、アーバンデザインセンター大宮 主催,,,MLIT,https://www.sapporoekimae-management.jp/streetdesignschool2024/
公園空間活用実験「ふらっと大門・丸之内＠お城前公園」,2024/10/16(水) to 11/15(金),エリアプラットフォーム「大門・丸之内　未来のまちづくり」 主催,,エリアプラットフォーム「大門・丸之内　未来のまちづくり」 主催,,エリアプラットフォーム「大門・丸之内　未来のまちづくり」 主催,,,MLIT,https://daimaruapf.jp/info/448/
Tim Tompkins 氏講演会＆ラウンドテーブル,2024/10/15(火),全国エリアマネジメントネットワーク 主催,,全国エリアマネジメントネットワーク 主催,,全国エリアマネジメントネットワーク 主催,,,MLIT,https://www.mlit.go.jp/toshi/local-event/
市堀川夜市,2024/10/1(火) to 2025/3/31(月),(株)紀州まちづくり舎 主催,,(株)紀州まちづくり舎 主催,富山県,(株)紀州まちづくり舎 主催,36.6749094,137.2226043,MLIT,https://www.kishumachi.com/ichihorigawayoichi
ストリートはコミュニティの核となりうるか ―「アナザーユートピア」を求めて,2024/10/11(金),クラブヒルサイド 主催,,クラブヒルサイド 主催,,クラブヒルサイド 主催,,,MLIT,https://hillsideterrace.com/events/14358/
アオバリビング,2024/10/4(金) to 10/14(月),静岡市,,静岡市,,静岡市,34.9751974,138.3831697,MLIT,https://omachi.shizuoka.jp/2024/09/23/aobaliving/
世界銀行東京開発ラーニングセンター（TDLC）創立記念イベント,2024/10/17(木) to 10/18(金),世界銀行TDLC 主催,,世界銀行TDLC 主催,,世界銀行TDLC 主催,,,MLIT,https://www.mlit.go.jp/toshi/local-event/
甲府まちなか社会実験,2024/10/1(火) to 10/31(木),甲府まちなかエリアプラットフォーム 主催,,甲府まちなかエリアプラットフォーム 主催,甲府,まちなかエリアプラットフォーム 主催,35.6673798,138.5690672,MLIT,https://kofu-machinaka-ap.com/#project
道庁南エリア社会実験vol.3  未来のまちを思い描く「ドゥ・イット・ユア・ストリート」,2024/9/18(水) to 9/20(金),道庁南エリア研究会主催,,道庁南エリア研究会主催,,道庁南エリア研究会主催,,,MLIT,https://www.sapporoekimae-management.jp/douchouminami/
視察報告！豪州の最新パブリックスペース｜ソトノバTABLE#52,2024/9/13(金),ハイブリッド・ソトノバ主催,,ハイブリッド・ソトノバ主催,,ハイブリッド・ソトノバ主催,,,MLIT,https://sotonoba.place/20240913sotonobatable52
県庁周辺エリアアイデアコンペ,参加登録〆切2024/10/18(金),富山県,,富山県,富山県,,36.6468015,137.2183531,MLIT,https://toyama-idea.jp/
「アイレベルゲーム」について聞こう！The City at Eye Level公開インタビュー｜ソトノバTABLE#51,2024/8/21(木),オンライン・ソトノバ主催,,オンライン・ソトノバ主催,,オンライン・ソトノバ主催,,,MLIT,https://sotonoba.place/20240821eyelevelgame
「ソトみど」始動！ソトとみどりのイイ関係｜GCT×ソトノバTABLE#50,2024/8/8(木),ソトノバ・Green Connection TOKYO,,ソトノバ・Green Connection TOKYO,,ソトノバ・Green Connection TOKYO,,,MLIT,https://sotonoba.place/sotonobatable50
「まちづくりアイデアコンペin東静岡」,事前登録期間2024/7/26(金) to 9/27(金),静岡市,,静岡市,,静岡市,34.9751974,138.3831697,MLIT,https://www.city.shizuoka.lg.jp/s5698/s012535.html
買物公園エリア社会実験「まちにち計画 ～わたしたちの“毎日”をつくってみる28日間～」,2024/8/11(日) to 9/7(土),旭川市,,旭川市,,旭川市,43.7706250,142.3649743,MLIT,https://www.city.asahikawa.hokkaido.jp/kurashi/408/800/d079951.html
「第11回まちづくり講演会」,2024/9/12(木),(公財)前橋市まちづくり公社主催,,(公財)前橋市まちづくり公社主催,,(公財)前橋市まちづくり公社主催,,,MLIT,https://www.maebashi-cc.or.jp/suishinka/1423.html
エリアプラットフォーム実務者交流会2024 ～知見の共有で築く次代の公民連携～,2024/8/20(火),（一社）エリアマネジメントラボ,,（一社）エリアマネジメントラボ,,（一社）エリアマネジメントラボ,,,MLIT,https://note.com/areamanagement/n/n04d4e63397a0?sub_rt=share_pb
パブリックスペース×ネイバーフッドデザインの人材｜ソトノバTABLE#49,2024/8/7(水),ソトノバ・KOITTO・HITOTOWA,,ソトノバ・KOITTO・HITOTOWA,,ソトノバ・KOITTO・HITOTOWA,,,MLIT,https://sotonoba.place/sotonobatable49
「わがまちに変化を起こせ！～先進事例を視察＆体感しながら、自分のまちの戦略を考える」（視察＆戦略立案WS）,2024/8/19(月) to 20(火)  8/27(火) to 28(水),姫路市/岡崎市・リノベリング主催,,姫路市/岡崎市・リノベリング主催,,姫路市/岡崎市・リノベリング主催,,,MLIT,https://note.com/renovaring/n/nc4cb745c42fc
「変化が起きるまちは何が違うのか？～4つのまちに学ぶ、公民連携とエリアリノベーション」（オンライントークイベント）,2024/7/22(火)  7/25(木)  7/29(月)  8/1(木)   各回14:00-15:30,オンライン・リノベリング主催,,オンライン・リノベリング主催,,オンライン・リノベリング主催,,,MLIT,https://note.com/renovaring/n/nd81a4877c6d4
地域主体のまちづくり出前講座等の対象地域、自治体の募集について,2024/7/31(水)締切,認定NPO法人 日本都市計画家協会,,認定NPO法人 日本都市計画家協会,認定NPO法人 日本都,市計画家協会,,,MLIT,https://jsurp.jp/machizukuri-demaekouza2024/
公的不動産と遊休民間不動産をまちづくりに活かす｜次世代まちづくりスクール,2024/7/10(水)締切,（一社）地域未来大学校 次世代まちづくりスクール,,（一社）地域未来大学校 次世代まちづくりスクール,,（一社）地域未来大学校 次世代まちづくりスクール,,,MLIT,https://hello-renovation.jp/machi-school/news_detail/200
第56回『都市問題』公開講座 「景観まちづくり」の過去・現在・未来,2024/7/20(土),（公財）後藤・安田記念東京都市研究所,,（公財）後藤・安田記念東京都市研究所,（公財）後藤・安田記念東京都,市研究所,,,MLIT,https://www.timr.or.jp/toshimondai/index.html
第9回 二子玉川エリアマネジメントシンポジウム,2024/6/23(日),（一社）二子玉川エリアマネジメンツ,,（一社）二子玉川エリアマネジメンツ,,（一社）二子玉川エリアマネジメンツ,,,MLIT,https://futako.org/5359/
「令和６年度土地活用モデル大賞」の募集を開始しました！,2024/7/30(火)締切,（一財）都市みらい推進機構,,（一財）都市みらい推進機構,（一財）都,市みらい推進機構,34.7097632,135.8048809,MLIT,http://www.toshimirai.jp/tochikatuyou/index.html
TOKYO PUBLIC vol.01「パークレット・占用施設による空間拡張 歩車道境界周辺の課題」,2024/5/29(水),TOKYO PUBLIC 実行委員会,,TOKYO PUBLIC 実行委員会,,TOKYO PUBLIC 実行委員会,,,MLIT,https://www.mlit.go.jp/toshi/local-event/
小岩のまちフェス「＃こいわの日2024」,2024/5/16(木) to 19(日),# こいわの日実行委員会,,# こいわの日実行委員会,,# こいわの日実行委員会,,,MLIT,https://koitto518.com/information/3967/
ウォーカブルシティを実現するDXツールの最新事例｜ソトノバTABLE#48,2024/4/26(金),オンライン・ソトノバ,,オンライン・ソトノバ,,オンライン・ソトノバ,,,MLIT,https://sotonoba.place/sotonobatable48/
ウォーカブルを支える公共交通と日本の現状｜ソトノバTABLE#47,2024/4/17(水),オンライン・ソトノバ,,オンライン・ソトノバ,,オンライン・ソトノバ,,,MLIT,https://sotonoba.place/sotonobatable47/
自治体職員向けオンラインセミナー「なぜ自治体はエンジョイワークスと組むのか？」,2024/3/26(火),オンライン・株式会社エンジョイワークス,,オンライン・株式会社エンジョイワークス,,オンライン・株式会社エンジョイワークス,,,MLIT,https://enjoyworks.jp/news/25898/
【3/22(金)応募〆】令和5年度エリアマネジメント実務勉強会,2024/3/26(火),オンライン・都市みらい推進機構,,オンライン・都市みらい推進機構,オンライン・都,市みらい推進機構,35.6780551,139.7668527,MLIT,https://www.toshimirai.jp/area_management/index.html
エリアマネジメント　インスパイア　シンポジウム　～エリアマネジメント推進の新たな提言～,2024/3/7(木),土地総研・地域開発研究所・森記念財団・民都機構,,土地総研・地域開発研究所・森記念財団・民都機構,土地総研・地域開発研究所・森記念財団・民都,機構,,,MLIT,https://www.lij.jp/
第10回まちづくり講演会～地方創生最前線！地域で事業を成功させる5つのポイント～,2024/2/29(木),(公財)前橋市まちづくり公社,,(公財)前橋市まちづくり公社,,(公財)前橋市まちづくり公社,,,MLIT,https://www.maebashi-cc.or.jp/suishinka/1346.html
未来の世田谷シンポジウム,2024/3/17(日),生活工房（世田谷区）,,生活工房（世田谷区）,,生活工房（世田谷区）,,,MLIT,https://www.setagaya-ldc.net/program/564/
公民連携によるまちづくり－町の未来をこの手でつくる－,2023/11/28(火)  申込〆切11/26(日),藤沢市民会館,,藤沢市民会館,,藤沢市民会館,35.3332902,139.4900411,MLIT,https://www.city.fujisawa.kanagawa.jp/kikaku/20231023kouen.html
第３回ＣＣＤ船場まちづくりセミナー,2023/11/10(金),現地会場＆オンライン・船場まちづくり検討会・中央区,,現地会場＆オンライン・船場まちづくり検討会・中央区,,現地会場＆オンライン・船場まちづくり検討会・中央区,,,MLIT,https://sembaccd3.peatix.com/view
第５回前橋アーバンデザインシンポジウム　前橋が今、変化してる？,2023/10/6(金)  〆切2023/10/5(木),現地会場＆オンライン・前橋市,,現地会場＆オンライン・前橋市,,現地会場＆オンライン・前橋市,,,MLIT,https://www.city.maebashi.gunma.jp/soshiki/toshikeikakubu/shigaichiseibi/gyomu/kanminrenkeimatidukuri/38354.html
【官民連携まちづくり塾】12月：ネオ３セク編＠大東市、２月：自治の再生編＠岡崎市,2023/12/2-3  2024/2/10-11  〆切2023/9/29(金),現地会場・リノベリング,,現地会場・リノベリング,,現地会場・リノベリング,,,MLIT,https://note.com/renovaring/n/nb8dc2f6132af/
【民間の力を引き出す 公民連携の仕組み】公民連携のはじめかた（事業主編）大東市morinekiの場合,2023/8/17(木),オンライン・NPO法人自治経営×リノベリング共催,,オンライン・NPO法人自治経営×リノベリング共催,,オンライン・NPO法人自治経営×リノベリング共催,,,MLIT,https://ppp0817.peatix.com/
【民間の力を引き出す 公民連携の仕組み】公民連携のはじめかた（行政編）条例を作った大東市の場合,2023/7/11(火),オンライン・NPO法人自治経営×リノベリング共催,,オンライン・NPO法人自治経営×リノベリング共催,,オンライン・NPO法人自治経営×リノベリング共催,,,MLIT,https://ppp0711.peatix.com/
サステナブルな地域交通,2023/7/20(木),オンライン・(株)YEデジタル,,オンライン・(株)YEデジタル,,オンライン・(株)YEデジタル,,,MLIT,https://www.ye-digital.com/jp/news/detail.php?id=514&year=2023
「Park(ing)Day、まちをかえる」展,2024/2/7(水) to 11(日),渋谷区立北谷公園 大屋根エリア,,渋谷区立北谷公園 大屋根エリア,,渋谷区立北谷公園 大屋根エリア,,,MLIT,https://sotonoba.place/parkingday-exhibiton2024
第35回技術研究発表会,2023/12/1(金),ハイブリッド形式・UIT,,ハイブリッド形式・UIT,,ハイブリッド形式・UIT,,,MLIT,http://www.uit.gr.jp/tech_research2023/
「足を止めたくなる居心地の良い空間づくりについての実証実験」を開催します！,2023/12/2(土) to 4(月),KOITTO(一般社団法人小岩駅周辺地区エリアマネジメント),,KOITTO(一般社団法人小岩駅周辺地区エリアマネジメント),,KOITTO(一般社団法人小岩駅周辺地区エリアマネジメント),,,MLIT,https://koitto518.com/information/3845/
「高麗橋オープンストリート２０２３」を開催します！,2023/11/17(金) to 19(日),船場博覧会実行委員会、大阪市中央区役所,,船場博覧会実行委員会、大阪市中央区役所,,船場博覧会実行委員会、大阪市中央区役所,,,MLIT,https://semba-navi.com/event/openstreet2023/
「八幡東田未来共創社会実験 MAKER's STREET」を開催します！,2023/11/3(金) to 5(日),北九州市,,北九州市,,北九州市,33.8829996,130.8749015,MLIT,https://yahata-higashida.com/topics/20231023.html
「KITABURA STREET PARK PROJECT 2023」を開催します！,2023/10/3(火) to 15(日),和歌山市・北ぶらくり丁商店街,,和歌山市・北ぶらくり丁商店街,,和歌山市・北ぶらくり丁商店街,,,MLIT,http://www.city.wakayama.wakayama.jp/kankou/event/1003232/1052597.html
「東横堀川ING　2023秋」を開催します！,2023/9/22(金) to 10/1(日),大阪市・東横堀川（末吉橋）,,大阪市・東横堀川（末吉橋）,,大阪市・東横堀川（末吉橋）,34.6752133,135.5105339,MLIT,https://hommachibashi.jp/project/2023/08/08/ing2023autumn/
座り場づくりワークショップ,2023/9/30(土),小諸市,,小諸市,,小諸市,36.3272526,138.4259718,MLIT,https://machitanehiroba.com/archives/1431
カマクリミュージアム　土と水の広場,2023/9/23(土),宇都宮市,,宇都宮市,宇都,宮市,36.5549677,139.8828776,MLIT,https://kamakuri.info/news/284/
「まちなかの宝を探そう！」,2023/7/25(火),別府市,,別府市,別府,市,33.2796779,131.5001342,MLIT,https://www.mlit.go.jp/toshi/local-event/
「まちなかの宝を探そう！」,2023/7/12(水),黒石市,,黒石市,,黒石市,40.6423427,140.5951263,MLIT,https://www.mlit.go.jp/toshi/local-event/
NAKAME GOOD LOCAL,2024/3/16(土),フナイリバヒロバ,,フナイリバヒロバ,,フナイリバヒロバ,,,MLIT,https://www.city.meguro.tokyo.jp/chikuseibi/shigoto/machidukuri/torikumi.html
HANEDA INNOVATION CITY Grand Opening Event∅,2023/11/17(金) to 19(日),現地開催,,現地開催,,現地開催,25.0106165,121.5030511,MLIT,https://haneda-innovation-city-gop.com/
ふらっと大門・丸之内,丸之内 10/25 to 31  大門 11/7 to 13,津市,,津市,,津市,34.7341973,136.5153283,MLIT,https://www.info.city.tsu.mie.jp/www/contents/1640339886527/index.html
IKEBUKURO LIVING LOOP SPECIAL MARKET,2023/11/3(金) to 5(日),池袋東口グリーン大通りほか,,池袋東口グリーン大通りほか,,池袋東口グリーン大通りほか,,,MLIT,https://ikebukuropark.com/livingloop/
新見駅周辺みらいプロジェクト設立記念フォーラム「新見駅周辺めぐりめぐる　まちづくりトーク」,2023/10/14(土),新見市,,新見市,,新見市,34.9775653,133.4704309,MLIT,https://www.mlit.go.jp/toshi/local-event/
「令和５年度土地活用モデル大賞」の募集を開始しました！,2023/8/10(木)締切,（一財）都市みらい推進機構,,（一財）都市みらい推進機構,（一財）都,市みらい推進機構,34.7097632,135.8048809,MLIT,http://www.toshimirai.jp/tochikatuyou/index.html
