
name,date,location,venue,address,prefecture,city,lat,lon,source,url
【2025年8月】全国の犬イベントまとめ｜夜も楽しめる愛犬おでかけ情報,,,,,,,,,Happyplace,https://happyplace.pet/event/202508/
【2025年7月】全国の犬イベントまとめ｜夏を楽しむ愛犬おでかけ情報,,,,,,,,,Happyplace,https://happyplace.pet/event/202507/
【イベントレポート】木場公園で開催！第2回KIBAワンニャンHAPPYフェス,,,,,,,,,Happyplace,https://happyplace.pet/event/kibawannyanhappyfes-2-feedback/
【2025年全国版】6月ワンちゃんイベント一覧！,,,,,,,,,Happyplace,https://happyplace.pet/event/202506/
【イベントレポート】木場公園で開催！第1回KIBAワンニャンHAPPYフェス,,,,,,,,,Happyplace,https://happyplace.pet/event/kibawannyanhappyfes-1-feedback/
【2025年全国版】5月ワンちゃんイベント一覧！,,,,,,,,,Happyplace,https://happyplace.pet/event/202505/
【2025年全国版】4月ワンちゃんイベント一覧！,2025-04-01,,,,,,,,Happyplace,https://happyplace.pet/event/202504/
【2025年全国版】3月ワンちゃんイベント一覧！,2025-03-03,,,,,,,,Happyplace,https://happyplace.pet/event/202503/
【ペット博横浜2025】愛犬愛猫のための“食・健康・遊び”最新ペットグッズ・サービスご紹介！,,,,,,,,,Happyplace,https://happyplace.pet/odekake/2025-yokohama-pethaku/
【2025年全国版】2月ワンちゃんイベント一覧！,2024-03-15,,,,,,,,Happyplace,https://happyplace.pet/event/202502/
【2025年全国版】1月ワンちゃんイベント一覧！,,,,,,,,,Happyplace,https://happyplace.pet/event/202501/
【2024年全国版】12月ワンちゃんイベント一覧！,,,,,,,,,Happyplace,https://happyplace.pet/event/202412/
【10/26土開催】ワンぱくHallowe’en🎃が終了しました！,,,,,,,,,Happyplace,https://happyplace.pet/event/wanpaku-halloween-fes-feedback/
【参加してくれてありがとう🎃】体を動かしながら楽しくしつけを学ぶ「ハロウィン運動会」,,,,,,,,,Happyplace,https://happyplace.pet/event/wanpaku-fes-undokai-feedback/
【ワンぱくHallowe’en🎃】豪華宿泊券が当たるビンゴ大会！賞品を一挙ご紹介🎁✨,2024-09-03,,,,,,,,Happyplace,https://happyplace.pet/event/info-wanpaku-halloween_bingo/
2024年10月14日(土)横浜わんにゃんスマイルFES 秋 が終了しました！,2024-09-02,,,,,,,,Happyplace,https://happyplace.pet/event/wannyan-thanks-news202410/
【2024年全国版】11月ワンちゃんイベント一覧！,,,,,,,,,Happyplace,https://happyplace.pet/event/202411/
【10/26 土曜】楽しく学べるしつけ教室 第2弾！ハロウィン運動会を開催します！,,,,,,,,,Happyplace,https://happyplace.pet/event/wanpaku-halloween_deundokai/
【2024年】インターペット大阪特集！9月20日～9月22日開催！おもしろいグッズ盛り沢山♪,,,,,,,,,Happyplace,https://happyplace.pet/odekake/2024interpet_osaka/
【予約制】ハピプレ専属カメラマンによるハロウィーン撮影会！,,,,,,,,,Happyplace,https://happyplace.pet/event/atsumare-kibakko20241026camera/
【10/26土】ワンぱくHallowe’en🎃 出店者様一覧,2024-09-03,,,,,,,,Happyplace,https://happyplace.pet/event/wanpaku-halloween-companylist/
【ペット博なごや2024】愛犬愛猫のための“食・健康・遊び”最新ペットグッズ・サービスご紹介！,2024-04-12,,,,,,,,Happyplace,https://happyplace.pet/odekake/2024-nagoya-pethaku/
【2024年全国版】10月ワンちゃんイベント一覧！,,,,,,,,,Happyplace,https://happyplace.pet/event/202410/
【9/14土開催】みんなで作るお散歩マッププロジェクト,2024-09-10,,,,,,,,Happyplace,https://happyplace.pet/event/atumarekibakko-feedback/
【9/14土】 わんちゃん撮影会 開催！,,,,,,,,,Happyplace,https://happyplace.pet/event/atsumare-kibakko20240914/
募集終了【出店者募集】10/26(土)ワンぱくHallowe’en🎃,,,,,,,,,Happyplace,https://happyplace.pet/event/recruit-wanpaku-halloween/
【ハピプレが企画制作！】わんちゃんイベント一覧,2024-07-24,,,,,,,,Happyplace,https://happyplace.pet/event/summary-atumare-kibakko/
【10/26土】ハピプレ企画イベント！ワンぱくHallowe’en🎃を開催します！,2024-09-24,,,,,,,,Happyplace,https://happyplace.pet/event/info-wanpaku-halloween/
【10/14月祝】豪華宿泊券が当たる抽選会を開催します！わんにゃんスマイルFES,2024-10-16,,,,,,,,Happyplace,https://happyplace.pet/event/wannyan-smile20241014/
【8/24開催】あつまれ！きばっこ みんなで作るお散歩マッププロジェクト -WAN NIGHT FESTIVAL-,2024-07-29,,,,,,,,Happyplace,https://happyplace.pet/event/wan-night-fes-feedback/
【2024年全国版】9月ワンちゃんイベント一覧！,,,,,,,,,Happyplace,https://happyplace.pet/event/202409/
【-WAN NIGHT FESTIVAL-】出展&協賛企業 公開！,,,,,,,,,Happyplace,https://happyplace.pet/event/event_kibaco2024_wan-night-fes-companylist/
あつまれ！きばっこ みんなで作るお散歩マッププロジェクト -WAN NIGHT FESTIVAL-,2024-09-02,,,,,,,,Happyplace,https://happyplace.pet/event/event_kibaco2024_wan-night-fes/
【2024年全国版】8月ワンちゃんイベント一覧！愛犬と夏のマルシェ＆夜祭りを楽しもう！,,,,,,,,,Happyplace,https://happyplace.pet/event/202408/
【2024年全国版】7月ワンちゃんイベント一覧！愛犬と七夕！お祭り！夏ならではのコンテンツを楽しもう！,,,,,,,,,Happyplace,https://happyplace.pet/event/202407/
【2024年全国版】6月ワンちゃんイベント一覧！初夏の企画続々！愛犬とマルシェを楽しもう,,,,,,,,,Happyplace,https://happyplace.pet/event/202406/
【2024年全国版】5月ワンちゃんイベント一覧！面白い企画が続々！愛犬とGW＆マルシェを楽しもう,,,,,,,,,Happyplace,https://happyplace.pet/event/202405/
【2024年】インターペット特集！愛犬のためのグッズから業界初？！な情報をご案内♪,,,,,,,,,Happyplace,https://happyplace.pet/odekake/2024interpet/
【2024年全国版】4月ワンちゃんイベント一覧！春の企画続々！愛犬と桜＆マルシェを楽しもう,,,,,,,,,Happyplace,https://happyplace.pet/event/202404-2/
【滋賀県】ワンちゃんサイクリング in びわ湖長浜,,,,,,,,,Happyplace,https://happyplace.pet/event/shiga_dogcycling_2024/
【福岡県】CHIHUAHUA JAM （チワワジャム）,,,,,,,,,Happyplace,https://happyplace.pet/event/fukuoka_chiuahua-jam-sakura__2024-2/
【福岡県】さくらマルシェ for dogs,,,,,,,,,Happyplace,https://happyplace.pet/event/fukuoka_sakura-marche_fordogs-sakura__2024-2/
【岡山県】SPARK JOY FESTA in 北長瀬未来ふれあい公園 芝生広場,,,,,,,,,Happyplace,https://happyplace.pet/event/okayaa_sparkjoy_festa-sakura__2024-2/
【兵庫県】ワンダフルフェスタ,,,,,,,,,Happyplace,https://happyplace.pet/event/hyogo-wondorful-festa-sakura__2024-2/
【大阪府】プレミアムわんだふるday,,,,,,,,,Happyplace,https://happyplace.pet/event/osaka_premium-wandorful-day-sakura__2024-2/
【兵庫県】Happy Dogフェス,,,,,,,,,Happyplace,https://happyplace.pet/event/hyogo_happydog_fes-sakura__2024-2/
【兵庫県】第13回 愛犬マルシェ in 明石グラバ,,,,,,,,,Happyplace,https://happyplace.pet/event/hyogo_aken-marche-sakura__2024-2/
【滋賀県】第7回 犬のおさんぽマルシェ,,,,,,,,,Happyplace,https://happyplace.pet/event/shiga_inunoosanpo-marche_vol7-sakura__2024-2/
【兵庫県】ピースワンドッグフェスタ,,,,,,,,,Happyplace,https://happyplace.pet/event/hyogo_peacewandog_fes-sakura__2024-2/
【岐阜県】わんわんフェスタ Vol.5,,,,,,,,,Happyplace,https://happyplace.pet/event/gifu_wanwanfes_vol5_2024-2/
【岐阜県】わんワンダーフェス イオンモール土岐,,,,,,,,,Happyplace,https://happyplace.pet/event/gifu_wanwonder_fes-sakurafes__2024-2/
【埼玉県】さん歩マルシェ,,,,,,,,,Happyplace,https://happyplace.pet/event/saitama_sanpomarche-sakura__2024/
【東京都】東京夢の島マリーナ 桜まつり,,,,,,,,,Happyplace,https://happyplace.pet/event/tokyo_yumenoshima-sakurafes__2024-2/
【栃木県】SOS!わんこ救出大作戦！in 那須ハイランドパーク,,,,,,,,,Happyplace,https://happyplace.pet/event/tochigi_wanko-kyusyutu_nasuhiland_sakura_2024/
【千葉県】DoggieなHarbor vol.8,,,,,,,,,Happyplace,https://happyplace.pet/event/chiba_doggie-na-harbor_sakura_2024/
【神奈川県】SEASIDE DOGRUN 2024 SPRING in 海の公園,,,,,,,,,Happyplace,https://happyplace.pet/event/kanagawa_seaside-dogrun_sakura_2024/
【千葉県】みつばちの森マルシェ with DOG,,,,,,,,,Happyplace,https://happyplace.pet/event/chiba_honeybee-maruche-withdog_sakura_2024/
【群馬県】DOG PARTY collection,,,,,,,,,Happyplace,https://happyplace.pet/event/gunma_dogparty-collection_sakura_2024/
【北海道】わんふぁみ旭川 vol.4,,,,,,,,,Happyplace,https://happyplace.pet/event/hokkaido_wanfami-asahikawa_sakura_2024/
【北海道】48 柴の日,,,,,,,,,Happyplace,https://happyplace.pet/event/hokkaido_48shiba-fes_sakura_2024/
【福島県】第7弾 うちの仔市場 in 四季の里,,,,,,,,,Happyplace,https://happyplace.pet/event/fukushima_uchinoko-ichiba_sakura_2024/
【福島県】第16回ペットカーニバル,,,,,,,,,Happyplace,https://happyplace.pet/event/fukushima_pet-carnival_sakura_2024/
【滋賀県】ピンフェス2024 meets 滋賀農業公園ブルーメの丘,,,,,,,,,Happyplace,https://happyplace.pet/event/shiga_pinfes_sakura_2024/
【広島県】広島わんわん桜まつり2024,,,,,,,,,Happyplace,https://happyplace.pet/event/hiroshima_wanwan-sakurafes_2024/
【山口県】ワン★パチ,,,,,,,,,Happyplace,https://happyplace.pet/event/yamaguchi_wanpachi-sakura_2024/
【滋賀県】わんわんマルシェin三井アウトレットパーク滋賀竜王Vol.9,,,,,,,,,Happyplace,https://happyplace.pet/event/shiga_wanwanmarche_sakura_2024/
【和歌山県】BIGわんday3,,,,,,,,,Happyplace,https://happyplace.pet/event/wakayama_bigwan-day3_2024/
【兵庫県】第5回 wankoPARTY わんこパーティー,,,,,,,,,Happyplace,https://happyplace.pet/event/hyogo_wanko-party_vol5_2024/
【山梨県】第3回 わんわん大感謝祭,,,,,,,,,Happyplace,https://happyplace.pet/event/yamanashi_wanwan-thanks-festa_2024/
【岐阜県】犬祭りテラス,,,,,,,,,Happyplace,https://happyplace.pet/event/gifu_inumatsuri-festa_hanami_2024/
【岐阜県】第39回 わんマル各務原 in OASIS PARK,,,,,,,,,Happyplace,https://happyplace.pet/event/gifu_wanmaru-festa_vol39_2024/
【宮城県】わたり犬のワン祭り,,,,,,,,,Happyplace,https://happyplace.pet/event/miyagi_watari-wanwan-festa_2024/
【山梨】ふじQワンぱーく2024,,,,,,,,,Happyplace,https://happyplace.pet/event/yamanashi_fuziqwanpark_2024/
【福岡】ドッグらんらんフェスタ2,,,,,,,,,Happyplace,https://happyplace.pet/event/hukuoka_dog-runrun-festa2_2024/
【沖縄】奥武山ワンダフルフェス2024,,,,,,,,,Happyplace,https://happyplace.pet/event/okinawa_wonderfulfes_2024/
【徳島】わんわんの会 2024 Spring,,,,,,,,,Happyplace,https://happyplace.pet/event/tokushima_wanwannokai-spring_2024/
【山口】わんだふる山口2024,,,,,,,,,Happyplace,https://happyplace.pet/event/yamaguchi_wonderful-yamaguchi_2024/
【岡山】となりのマルシェ その6,,,,,,,,,Happyplace,https://happyplace.pet/event/okayama_tonarino-marche-vol6_2024/
【大阪】王家の宴2024,,,,,,,,,Happyplace,https://happyplace.pet/event/osaka_oukeno-utage_2024/
【大阪】わんニャスフィスティバル in 豊中,,,,,,,,,Happyplace,https://happyplace.pet/event/oosaka_wannyan-fes_2024/
【岐阜】いぬの駅マルシェ,,,,,,,,,Happyplace,https://happyplace.pet/event/gifu_inunoeki-marche_2024-2/
【愛知】わんワンファミリーマルシェ vol.4,,,,,,,,,Happyplace,https://happyplace.pet/event/aichi_wan-family-marche-vol4_2024/
【岐阜】木曽三川わんこマルシェ,,,,,,,,,Happyplace,https://happyplace.pet/event/gifu_kisowanko-marche_2024/
【静岡】第5回 いぬのピクニックマルシェ,,,,,,,,,Happyplace,https://happyplace.pet/event/shizuoka_inuno-picnic-marche-vol5_2024/
【愛知】あかつかわんこvol.1,,,,,,,,,Happyplace,https://happyplace.pet/event/aichi_akatsukawanko-vol1_2024/
【神奈川】みんなのマルシェ21×ドッグフェス,,,,,,,,,Happyplace,https://happyplace.pet/event/kanagawa_marche21-dogfes_2024/
【埼玉】第1回love&dog marche,,,,,,,,,Happyplace,https://happyplace.pet/event/saitama_love-dog-marche-vol1_2024/
【茨城】レトフェス2024,,,,,,,,,Happyplace,https://happyplace.pet/event/ibaraki_retofes_2024/
【東京】ワンダフル市場,,,,,,,,,Happyplace,https://happyplace.pet/event/tokyo_wonderful-market_2024/
【千葉】THE DOG FES -犬とホワイトデイ-,,,,,,,,,Happyplace,https://happyplace.pet/event/tiba_rhe-dog-fes-whiteday-withdog_2024/
【千葉】柏の葉公園 DogFesta 2024,,,,,,,,,Happyplace,https://happyplace.pet/event/tiba_dogfesta_2024/
【茨城】第5回 SMILEマルシェ,,,,,,,,,Happyplace,https://happyplace.pet/event/ibaraki_smile-marche-vol5_2024/
【神奈川】pop-up marché いぬマル,,,,,,,,,Happyplace,https://happyplace.pet/event/kanagawa_pop-up-marche-inumaru_2024/
【神奈川】赤レンガでわんさんぽ,,,,,,,,,Happyplace,https://happyplace.pet/event/kanagawa_akarenga-wansanpo_2024/
【福岡県】合同譲渡会＆チャリティーマルシェ〜with you〜,2023-03-12,,,,,,,,Happyplace,https://happyplace.pet/event/fukuoka_withyou-marche_spring_2024/
【熊本県】第3回 わんにゃんマルシェ,,,,,,,,,Happyplace,https://happyplace.pet/event/kumamoto_wannyan-marche-vol3_spring_2024/
【大阪府】れじおんマーケット WAN FESTA WAN,,,,,,,,,Happyplace,https://happyplace.pet/event/osaka_region-market_spring_2024/
【大阪府】わんことマルシェ vol.12,,,,,,,,,Happyplace,https://happyplace.pet/event/osaka_wanko-to-marche_spring_2024/
【兵庫県】Log-in LOVE PET FESTA vol.8（Spark joy festa）,,,,,,,,,Happyplace,https://happyplace.pet/event/hyogo_loginpet-festa_spring_2024/
【兵庫県】SPARK JOY FESTA in 姫路 大手前公園,,,,,,,,,Happyplace,https://happyplace.pet/event/hyogo_spark-joy-festa_spring_2024/
