{
  "type": "service_account",
  "project_id": "roro-dev-12345",
  "private_key_id": "XXXXXXXXXXXXXXXXXXXXXXXXXXXXXXXXXXXX",
  "private_key": "-----BEGIN PRIVATE KEY-----\nMIIEvgIBADANB ... \n-----END PRIVATE KEY-----\n",
  "client_email": "firebase-adminsdk@roro-dev-12345.iam.gserviceaccount.com",
  "client_id": "1234567890",
  "auth_uri": "https://accounts.google.com/o/oauth2/auth",
  "token_uri": "https://oauth2.googleapis.com/token",
  "auth_provider_x509_cert_url": "https://www.googleapis.com/oauth2/v1/certs",
  "client_x509_cert_url": "https://www.googleapis.com/robot/v1/metadata/x509/firebase-adminsdk%40roro-dev-12345.iam.gserviceaccount.com"
}
