
name,date,location,venue,address,prefecture,city,lat,lon,source,url
ペットと行けるイベント,,,,,,,,,equall LIFE,https://media.equall.jp/archives/10445
ペットイベント一覧,,,,,,,,,equall LIFE,https://media.equall.jp/archives/10445
犬や猫のイベントを楽しむコツ,,,,,,,,,equall LIFE,https://media.equall.jp/archives/10445
2025年1月開催のイベント,,,,,,,,,equall LIFE,https://media.equall.jp/archives/10445
Pet博2025横浜,2025-01-11,,,,,,,,equall LIFE,https://media.equall.jp/archives/10445
ジャパンキャンピングカーショー2025,2025-01-31 to 2025-02-03,,,,,,,,equall LIFE,https://media.equall.jp/archives/10445
SÖPÖ SÖPÖ DOG TAIL FAIR（ソポソポドッグテイルフェア）,2025-01-17,,,,,,,,equall LIFE,https://media.equall.jp/archives/10445
キラナわんわんデー,,,,,,,,,equall LIFE,https://media.equall.jp/archives/10445
WAKUフェスニューイヤードッグ2025,2025-01-04,,,,,,,,equall LIFE,https://media.equall.jp/archives/10445
アウトドアドッグマルシェ in 海老名,2025-01-25,に隣接する芝生広場ではワンコも飼い主様もお買い物の間にのんびりくつろげます。,,に隣接する芝生広場ではワンコも飼い主様もお買い物の間にのんびりくつろげます。,,に隣接する芝生広場ではワンコも飼い主様もお買い物の間にのんびりくつろげます。,,,equall LIFE,https://media.equall.jp/archives/10445
2025年2月開催のイベント,,,,,,,,,equall LIFE,https://media.equall.jp/archives/10445
わんにゃんドーム,,,,,,,,,equall LIFE,https://media.equall.jp/archives/10445
貴族の祭典《ワタワンジャック》World Pomeranian Festival 2025,2025-02-23,,,,,,,,equall LIFE,https://media.equall.jp/archives/10445
Pekingese MEET UP 2025,2025-02-09,,,,,,,,equall LIFE,https://media.equall.jp/archives/10445
Shiba Festival 2025,2025-02-08,,,富士芝桜まつり  国道139号  富士河口湖町  南都留郡  山梨県  418-0101  日本,山梨県,南都留郡,35.4433135,138.6010037,equall LIFE,https://media.equall.jp/archives/10445
ちよだ猫まつり,2025-02-15,,,,,,,,equall LIFE,https://media.equall.jp/archives/10445
成田ゆめのドッグフェスティバル,2025-02-15,,,,,,,,equall LIFE,https://media.equall.jp/archives/10445
ペット用品フェアin四国,2025-02-26,,,,,,,,equall LIFE,https://media.equall.jp/archives/10445
福岡百道浜ドッグフェスタ2025,2025-02-22,,,,,,,,equall LIFE,https://media.equall.jp/archives/10445
WAN’S Dog Expo 2025,2025-02-22,,,,,,,,equall LIFE,https://media.equall.jp/archives/10445
わんこのフェス,2025-02-15,,,,,,,,equall LIFE,https://media.equall.jp/archives/10445
Lovelyにゃんフェスタ,2025-02-23,,,,,,,,equall LIFE,https://media.equall.jp/archives/10445
2025年3月開催のイベント,,,,,,,,,equall LIFE,https://media.equall.jp/archives/10445
第4回 伊豆高第わんわんマルシェ,2025-03-08,,,,,,,,equall LIFE,https://media.equall.jp/archives/10445
ハウスティアフェス2025 ～みんなでつくるペットシティ〜,2025-03-01,,,,,,,,equall LIFE,https://media.equall.jp/archives/10445
& My Dog,2025-03-21,,,,,,,,equall LIFE,https://media.equall.jp/archives/10445
九十九里ビーチドッグフェスティバル,2025-04-27,,,,,,,,equall LIFE,https://media.equall.jp/archives/10445
ペットと一緒に防災体験inちがさき,2025-03-01,,,,,,,,equall LIFE,https://media.equall.jp/archives/10445
御殿場プレミアム・アウトレット ドックマルシェ,,,,,,,,,equall LIFE,https://media.equall.jp/archives/10445
BOO!! BULL BOO!! FESTA,,,,,,,,,equall LIFE,https://media.equall.jp/archives/10445
KIBAワンニャンHAPPYフェス2025,2025-03-16,,,,,,,,equall LIFE,https://media.equall.jp/archives/10445
いぬとぴあ鹿児島いずみ,2025-03-29,,,,,,,,equall LIFE,https://media.equall.jp/archives/10445
with WAN heroes festival,2025-03-30,,,,,,,,equall LIFE,https://media.equall.jp/archives/10445
wandarake,,,,,,,,,equall LIFE,https://media.equall.jp/archives/10445
2025年4月開催のイベント,,,,,,,,,equall LIFE,https://media.equall.jp/archives/10445
インターペット,2025-04-03,,,,,,,,equall LIFE,https://media.equall.jp/archives/10445
ARCHE! presents ペットフェス2025春,2025-04-12,,,,,,,,equall LIFE,https://media.equall.jp/archives/10445
EXPO 2025 大阪・関西万博,2025-04-13,,,,,,,,equall LIFE,https://media.equall.jp/archives/10445
BUHIマーケット,2025-04-12,,,,,,,,equall LIFE,https://media.equall.jp/archives/10445
わんにゃんSmileフェス 2024 春,2025-04-20,,,,,,,,equall LIFE,https://media.equall.jp/archives/10445
ペットフェス2025春 in 宮城県松島離宮,2025-04-12,,,,,,,,equall LIFE,https://media.equall.jp/archives/10445
パートナードッグカーニバル,,,,,,,,,equall LIFE,https://media.equall.jp/archives/10445
ZIPANG,2025-04-20,,,ZIPANG  小野原豊中線  小野原西四丁目  箕面市  大阪府  562-0032  日本,大阪府,箕面市,34.8304062,135.5105632,equall LIFE,https://media.equall.jp/archives/10445
ALL DOGGIES FESTA,2025-04-20,,,,,,,,equall LIFE,https://media.equall.jp/archives/10445
​わんだふる山口2025,2025-04-19,,,,,,,,equall LIFE,https://media.equall.jp/archives/10445
猫フェス＠上越,,,,,,,,,equall LIFE,https://media.equall.jp/archives/10445
にゃんだらけ,2025-04-12,,,,,,,,equall LIFE,https://media.equall.jp/archives/10445
YOKOHAMA GO GO DOG FES春,,,,,,,,,equall LIFE,https://media.equall.jp/archives/10445
代々木わんわんカーニバル,2025-04-12,,,,,,,,equall LIFE,https://media.equall.jp/archives/10445
第2回晴海ふ頭　春のわんわんピクニック produced by わんこのフェス,2025-04-19,,,,,,,,equall LIFE,https://media.equall.jp/archives/10445
パナソニック保護犬猫譲渡会,,,,,,,,,equall LIFE,https://media.equall.jp/archives/10445
2025年5月開催のイベント,,,,,,,,,equall LIFE,https://media.equall.jp/archives/10445
富士山わんわんマルシェ,2025-05-24,,,,,,,,equall LIFE,https://media.equall.jp/archives/10445
ぺット王国,2025-05-03,,,ペット王国  生中橋通  舎利寺三丁目  生野区  大阪市  大阪府  544-0011  日本,大阪府,大阪市,34.6457266,135.5393104,equall LIFE,https://media.equall.jp/archives/10445
GOGO DOG FES in 三井アウトレットパーク　木更津,2025-05-17,でリアル投票も可能となり、18日（日）にはグランプリが決定,,でリアル投票も可能となり、18日（日）にはグランプリが決定,,でリアル投票も可能となり、18日（日）にはグランプリが決定,,,equall LIFE,https://media.equall.jp/archives/10445
新宿わん博,,,,,,,,,equall LIFE,https://media.equall.jp/archives/10445
DOG FESTIVAL,2025-05-24,,,,,,,,equall LIFE,https://media.equall.jp/archives/10445
SippoFesta しっぽフェスタ,2025-05-24,,,,,,,,equall LIFE,https://media.equall.jp/archives/10445
戌猫縁日,2025-05-25,,,日本キリスト教会 柳川教会  枝光今古賀線  辻町  柳川市  福岡県  832-0045  日本,福岡県,柳川市,33.1644289,130.4068848,equall LIFE,https://media.equall.jp/archives/10445
いぬのきもちフェスタ,2025-05-24,,,,,,,,equall LIFE,https://media.equall.jp/archives/10445
舘山寺ドッグカー EXPO,2025-05-24,(静岡県浜松市),,(静岡県浜松市),(静岡県,浜松市),34.9332488,138.0955398,equall LIFE,https://media.equall.jp/archives/10445
等々力ドッグフェスティバル,2025-05-31 to 2025-06-01,,,,,,,,equall LIFE,https://media.equall.jp/archives/10445
にゃんこ博覧会2025,2025-05-03,,,,,,,,equall LIFE,https://media.equall.jp/archives/10445
世界えがお博覧会,2025-05-26,,,,,,,,equall LIFE,https://media.equall.jp/archives/10445
SHINAGAWA URBAN PET LIFE（品川アーバンペットライフ）,2025-05-17,,,,,,,,equall LIFE,https://media.equall.jp/archives/10445
にいがた犬の陣,2025-05-10,,,,,,,,equall LIFE,https://media.equall.jp/archives/10445
London Dog Festival　in　まつぶし緑の丘公園,2025-05-31,,,,,,,,equall LIFE,https://media.equall.jp/archives/10445
ぺット博in幕張,2025-05-03,,,,,,,,equall LIFE,https://media.equall.jp/archives/10445
2025年6月開催のイベント,,,,,,,,,equall LIFE,https://media.equall.jp/archives/10445
インターペット大阪,2025-06-13,,,,,,,,equall LIFE,https://media.equall.jp/archives/10445
LOHAS Festa EXPO 2025,2025-06-02,,,,,,,,equall LIFE,https://media.equall.jp/archives/10445
ワン One day,2025-06-07,,,,,,,,equall LIFE,https://media.equall.jp/archives/10445
にゃんだらけin 大阪,,,,,,,,,equall LIFE,https://media.equall.jp/archives/10445
第1回NAKANO REAL HEALTH with Dog Sumit ～愛犬の健康をテーマにしたイベント～,2025-06-01,,,,,,,,equall LIFE,https://media.equall.jp/archives/10445
東京ドッグショー2025,2025-06-27,,,,,,,,equall LIFE,https://media.equall.jp/archives/10445
2025年7月開催のイベント,,,,,,,,,equall LIFE,https://media.equall.jp/archives/10445
にゃんだらけin 名古屋,2025-05-12,面積を昨年開催時の約2倍に拡大し、過去最多となる180超の出展者が全国から大集合。猫雑貨、衣類、ペット用品、アートなど、猫に関する様々なモノや企画が集まる、東海エリア最大級の猫グッズイベントです。本イベントは、お得な前売り券を5月12日（月）より発売開始します。本リリースではイベントのみどころや概要、チケット情報について発表いたします。,,面積を昨年開催時の約2倍に拡大し、過去最多となる180超の出展者が全国から大集合。猫雑貨、衣類、ペット用品、アートなど、猫に関する様々なモノや企画が集まる、東海エリア最大級の猫グッズイベントです。本イベントは、お得な前売り券を5月12日（月）より発売開始します。本リリースではイベントのみどころや概要、チケット情報について発表いたします。,,面積を昨年開催時の約2倍に拡大し、過去最多となる180超の出展者が全国から大集合。猫雑貨、衣類、ペット用品、アートなど、猫に関する様々なモノや企画が集まる、東海エリア最大級の猫グッズイベントです。本イベントは、お得な前売り券を5月12日（月）より発売開始します。本リリースではイベントのみどころや概要、チケット情報について発表いたします。,,,equall LIFE,https://media.equall.jp/archives/10445
DOG EXPO FUKUOKA,,,,,,,,,equall LIFE,https://media.equall.jp/archives/10445
ペット博なごや,2025-07-19,,,,,,,,equall LIFE,https://media.equall.jp/archives/10445
BAY WALK MARKET,,,,,,,,,equall LIFE,https://media.equall.jp/archives/10445
2025年8月開催のイベント,,,,,,,,,equall LIFE,https://media.equall.jp/archives/10445
広島わんわん夏まつり 2025,2025-08-09,,,,,,,,equall LIFE,https://media.equall.jp/archives/10445
さっぽろドッグフェスティバル,2025-08-30,HP,,HP,,HP,-35.2751526,149.1276553,equall LIFE,https://media.equall.jp/archives/10445
わんわん夏まつり 2025,2025-08-23,,,,,,,,equall LIFE,https://media.equall.jp/archives/10445
Pet博2025 福岡,2025-08-23,,,,,,,,equall LIFE,https://media.equall.jp/archives/10445
2025年9月開催のイベント,,,,,,,,,equall LIFE,https://media.equall.jp/archives/10445
ペテモフェス,,,,,,,,,equall LIFE,https://media.equall.jp/archives/10445
MARINE & WALK YOKOHAMA ドッグマルシェ,,,,,,,,,equall LIFE,https://media.equall.jp/archives/10445
ドッグフレンドリーフェスタ in 帯広 2025,,,,,,,,,equall LIFE,https://media.equall.jp/archives/10445
エビナ犬博(わんぱく),,,,,,,,,equall LIFE,https://media.equall.jp/archives/10445
アウトドアドッグフェスタ in八ヶ岳,2025-09-20,,,,,,,,equall LIFE,https://media.equall.jp/archives/10445
北海道ペットフェスティバル,2025-09-06,,,,,,,,equall LIFE,https://media.equall.jp/archives/10445
2025年10月開催のイベント,,,,,,,,,equall LIFE,https://media.equall.jp/archives/10445
ひたちなかドッグフェスティバル,,,,,,,,,equall LIFE,https://media.equall.jp/archives/10445
わんにゃんスマイルFES,,,,,,,,,equall LIFE,https://media.equall.jp/archives/10445
駒沢わんこ祭り,,,,,,,,,equall LIFE,https://media.equall.jp/archives/10445
犬市場 in OKAZAKI,,,,,,,,,equall LIFE,https://media.equall.jp/archives/10445
London Dog Festival 2025 魔法の丘のドッグフェス in まつぶし緑の丘公園,2025-10-18,は、まるでおとぎ話の中のよう。,,は、まるでおとぎ話の中のよう。,,は、まるでおとぎ話の中のよう。,,,equall LIFE,https://media.equall.jp/archives/10445
ワンダフルフェス,,,,,,,,,equall LIFE,https://media.equall.jp/archives/10445
1＋わんわんフェスタ,,,,,,,,,equall LIFE,https://media.equall.jp/archives/10445
2025年11月開催のイベント,,,,,,,,,equall LIFE,https://media.equall.jp/archives/10445
わんワンダーフェス,,,,,,,,,equall LIFE,https://media.equall.jp/archives/10445
YOKOHAMA GOGO DOG FES 秋,,,,,,,,,equall LIFE,https://media.equall.jp/archives/10445
ラブリーにゃんフェスタ 大阪,2025-11-01,,,,,,,,equall LIFE,https://media.equall.jp/archives/10445
FUJIDOG,,,,,,,,,equall LIFE,https://media.equall.jp/archives/10445
アニマルピックフェスタ in 浜名湖 2025,2025-11-08,(浜松市西区村櫛町5475-1),,(浜松市西区村櫛町5475-1),,(浜松市西区村櫛町5475-1),,,equall LIFE,https://media.equall.jp/archives/10445
光が丘公園フェスタ,,,,,,,,,equall LIFE,https://media.equall.jp/archives/10445
ねこばっか＋ワン,2025-11-01,,,,,,,,equall LIFE,https://media.equall.jp/archives/10445
ペット博大阪,2025-11-01,,,あいらぶ ペット  国道479号  小路東一丁目  東成区  大阪市  大阪府  577-0058  日本,大阪府,大阪市,34.6648902,135.5548316,equall LIFE,https://media.equall.jp/archives/10445
2025年12月開催のイベント,,,,,,,,,equall LIFE,https://media.equall.jp/archives/10445
SippoFesta しっぽフェスタ,,,,,,,,,equall LIFE,https://media.equall.jp/archives/10445
ドギーズクリスマスマーケット,,に24店舗が並びます。一足早いクリスマスプレゼントのお買い物を楽しみましょう！,,に24店舗が並びます。一足早いクリスマスプレゼントのお買い物を楽しみましょう！,,に24店舗が並びます。一足早いクリスマスプレゼントのお買い物を楽しみましょう！,,,equall LIFE,https://media.equall.jp/archives/10445
ドギークリスマス Doggy Christmas,,,,,,,,,equall LIFE,https://media.equall.jp/archives/10445
wandarake,,,,,,,,,equall LIFE,https://media.equall.jp/archives/10445
犬祭里山テラス,,,,,,,,,equall LIFE,https://media.equall.jp/archives/10445
イベント必需品,,,,,,,,,equall LIFE,https://media.equall.jp/archives/10445
イベントアイテム,,,,,,,,,equall LIFE,https://media.equall.jp/archives/10445
