
name,date,location,venue,address,prefecture,city,lat,lon,source,url
ペットと楽しめるイベント情報,,,,,,,,,WePet,https://www.wepet.jp/event/607/
ドッグイベントの魅力と注意点,,,,,,,,,WePet,https://www.wepet.jp/event/607/
ペットイベント一覧,,,,,,,,,WePet,https://www.wepet.jp/event/607/
過去のイベント,,,,,,,,,WePet,https://www.wepet.jp/event/607/
全国のペットイベント来場者数まとめ【2025年最新版】,,,,,,,,,WePet,https://www.wepet.jp/event/607/
ペットイベント注意点を解説,,,,,,,,,WePet,https://www.wepet.jp/event/607/
